postcode,advantage-score,disadvantage-score,economic-score,occupation-score,population-estimate
800,1072,1060,952,1077,4564
810,1037,1027,1008,1051,29725
812,1019,1013,1015,1007,19334
820,1076,1067,1008,1081,19057
822,702,630,645,882,24120
828,972,970,958,973,1699
829,948,974,929,972,1138
830,996,991,991,966,17990
832,1076,1069,1060,1013,9671
835,1054,1054,1087,991,5194
836,1041,1035,1088,968,7092
837,987,990,1023,949,527
838,994,995,1024,984,735
840,847,862,915,903,555
841,949,963,1003,895,693
845,860,841,824,989,338
846,875,887,902,923,235
847,829,826,817,898,381
850,941,937,915,981,7582
852,689,623,656,867,7968
853,1094,1144,1031,1017,743
854,690,641,633,857,919
860,866,848,830,988,3060
862,791,764,764,898,696
870,1010,1006,988,1025,25181
872,673,592,628,899,12344
880,916,903,862,981,5951
885,1058,1085,990,1018,980
886,987,1004,919,1015,1126
2000,1018,973,806,1146,22761
2007,1016,974,801,1154,7113
2008,1056,1025,852,1171,6299
2009,1084,1055,933,1172,11625
2010,1070,1043,905,1167,25402
2011,1053,1035,884,1166,18045
2015,1109,1087,1004,1168,8431
2016,1012,973,891,1104,12038
2017,986,941,837,1107,14472
2018,977,965,943,1018,15397
2019,1033,1026,1026,1025,8928
2020,1021,1013,994,1022,10178
2021,1119,1099,999,1196,14258
2022,1083,1061,978,1150,11586
2023,1145,1118,1074,1194,10768
2024,1108,1086,1032,1162,11088
2025,1124,1100,1028,1200,7173
2026,1098,1077,980,1161,30427
2027,1118,1102,1004,1197,7316
2028,1120,1100,1006,1189,4682
2029,1111,1091,1026,1169,9392
2030,1144,1117,1101,1179,13893
2031,1099,1079,998,1158,32331
2032,1020,992,901,1114,15266
2033,1074,1052,953,1149,10970
2034,1086,1066,986,1143,19101
2035,1044,1024,984,1087,33222
2036,1002,993,986,1010,26903
2037,1031,1001,900,1149,13834
2038,1108,1087,1022,1175,8665
2039,1134,1108,1055,1190,7924
2040,1083,1056,1013,1146,20862
2041,1118,1091,1033,1188,14747
2042,1085,1065,950,1169,17727
2043,1115,1090,991,1191,6848
2044,1045,1022,997,1083,7189
2045,1073,1056,1062,1093,6651
2046,1076,1056,1030,1108,25180
2047,1115,1093,1043,1156,11374
2048,1093,1074,998,1160,7699
2049,1060,1042,978,1129,10449
2050,1108,1086,959,1209,6705
2060,1120,1103,981,1206,12266
2061,1108,1080,953,1213,5683
2062,1123,1102,1029,1185,6778
2063,1156,1124,1122,1191,5928
2064,1095,1071,996,1164,8626
2065,1130,1108,1021,1196,27165
2066,1128,1105,1072,1170,27635
2067,1081,1052,987,1154,22633
2068,1129,1100,1093,1161,15903
2069,1153,1123,1128,1178,13298
2070,1150,1119,1113,1179,12277
2071,1144,1110,1106,1181,12151
2072,1135,1101,1093,1175,6598
2073,1160,1125,1139,1182,15737
2074,1152,1120,1125,1172,20930
2075,1164,1127,1146,1175,18635
2076,1137,1105,1115,1161,23770
2077,1062,1050,1010,1102,34909
2079,1110,1097,1118,1087,7113
2080,1096,1086,1098,1081,1575
2081,1119,1104,1129,1089,5163
2082,1103,1095,1115,1080,5649
2083,1045,1046,1030,1061,1549
2084,1124,1101,1137,1096,3531
2085,1136,1108,1146,1110,10705
2086,1140,1114,1147,1116,13183
2087,1119,1097,1107,1126,12311
2088,1138,1111,1065,1194,27462
2089,1126,1107,1002,1198,11090
2090,1135,1113,1029,1201,13040
2092,1147,1110,1132,1162,6726
2093,1116,1094,1083,1140,21610
2094,1125,1105,1057,1170,5491
2095,1109,1086,993,1175,15066
2096,1111,1095,1058,1129,13881
2097,1111,1096,1099,1088,14391
2099,1056,1044,1031,1059,36707
2100,1092,1072,1097,1078,19453
2101,1082,1069,1071,1068,17993
2102,1117,1092,1135,1087,6135
2103,1093,1080,1080,1076,10175
2104,1115,1094,1093,1133,3089
2105,1138,1109,1116,1166,1841
2106,1114,1095,1094,1118,9030
2107,1127,1104,1122,1130,14479
2108,1117,1095,1074,1164,1900
2109,933,926,807,1110,1788
2110,1131,1100,1091,1173,9806
2111,1088,1066,1042,1124,13430
2112,1067,1053,1032,1087,27782
2113,1072,1056,1018,1105,16810
2114,1065,1054,1003,1109,21484
2115,1000,983,989,1020,9479
2116,1005,996,983,1031,6221
2117,1036,1019,1006,1066,19025
2118,1084,1065,1059,1106,21556
2119,1157,1128,1138,1168,10898
2120,1121,1098,1101,1139,19628
2121,1111,1090,1052,1151,24646
2122,1063,1040,990,1128,28516
2125,1154,1119,1146,1144,15953
2126,1143,1112,1135,1139,18805
2127,1132,1108,1061,1171,8149
2128,993,974,954,1044,3171
2130,1061,1048,968,1139,6588
2131,1009,993,921,1083,22183
2132,1044,1024,1010,1091,10387
2133,1015,1005,996,1042,10722
2134,1008,972,903,1097,12475
2135,1066,1034,990,1124,23100
2136,1038,1025,1012,1056,6734
2137,1084,1068,1048,1101,24008
2138,1090,1072,1009,1141,13521
2140,1019,1006,936,1085,12528
2141,959,935,949,1001,25496
2142,915,897,892,980,22514
2143,920,900,920,970,7457
2144,888,855,888,958,33109
2145,1005,1002,986,1016,71314
2146,1017,1022,1009,1007,15675
2147,997,996,1001,986,35085
2148,961,966,967,952,58645
2150,990,982,882,1068,24845
2151,1048,1037,1004,1085,20222
2152,1047,1040,1011,1067,10224
2153,1111,1095,1109,1089,52436
2154,1131,1101,1121,1124,37906
2155,1150,1109,1177,1092,44018
2156,1143,1113,1153,1100,12345
2157,1085,1068,1111,1047,3706
2158,1117,1088,1125,1094,8277
2159,1113,1095,1127,1087,4538
2160,927,914,924,969,32880
2161,894,874,911,941,28263
2162,902,887,922,931,17015
2163,790,753,814,872,8773
2164,924,911,967,920,18387
2165,853,819,899,904,39493
2166,815,765,875,878,49726
2167,1001,1004,1004,990,7547
2168,886,863,938,893,41870
2170,949,933,974,955,95108
2171,1058,1034,1115,993,24387
2172,1143,1118,1161,1085,2265
2173,1086,1088,1082,1044,13258
2174,945,933,965,912,423
2175,1007,997,1072,949,1935
2176,973,952,1026,956,46068
2177,908,869,970,924,15203
2178,1043,1028,1092,976,4819
2179,969,961,1017,930,5410
2190,919,900,946,964,24717
2191,981,968,986,1003,6035
2192,918,903,919,962,12567
2193,1014,1002,999,1047,13981
2194,917,895,887,984,21239
2195,872,860,858,947,25204
2196,917,900,941,953,29581
2197,937,924,960,950,8180
2198,1012,1010,1041,975,8672
2199,911,896,938,938,16019
2200,906,883,912,962,40589
2203,1033,1015,969,1104,12964
2204,998,972,948,1071,24586
2205,990,970,971,1023,12847
2206,1023,1008,1033,1032,18316
2207,1011,1001,1010,1024,27529
2208,1005,994,1008,1010,11521
2209,993,983,979,1017,14585
2210,992,976,990,1006,27994
2211,1015,1011,1013,1007,16193
2212,992,986,994,989,14304
2213,1033,1028,1036,1010,20355
2214,1061,1065,1095,983,3854
2216,989,978,949,1023,26045
2217,1017,1009,975,1046,23611
2218,1004,994,970,1036,15166
2219,1031,1025,1015,1032,12421
2220,998,976,943,1050,28438
2221,1075,1057,1067,1083,15783
2222,1017,1013,982,1040,11692
2223,1070,1064,1040,1076,19799
2224,1072,1060,1067,1052,13443
2225,1123,1100,1128,1091,5429
2226,1094,1079,1084,1084,11875
2227,1095,1085,1082,1072,14031
2228,1041,1038,1020,1034,17592
2229,1079,1070,1065,1059,27264
2230,1078,1072,1038,1079,26946
2231,1029,1031,1076,947,2215
2232,1068,1063,1051,1057,31247
2233,1087,1088,1105,1026,29314
2234,1119,1099,1135,1066,30812
2250,1000,1005,1001,997,65647
2251,1032,1035,1043,1020,31835
2256,939,949,940,943,14970
2257,953,964,959,949,27654
2258,1034,1034,1044,1016,5102
2259,963,971,1003,923,53981
2260,1069,1063,1062,1060,21793
2261,947,957,965,932,50965
2262,910,927,959,874,20155
2263,891,902,922,880,22414
2264,969,978,988,957,13135
2265,992,990,1005,1007,5382
2267,983,996,992,982,2673
2278,981,1006,1053,878,2676
2280,998,1006,1012,968,26615
2281,960,973,983,927,13403
2282,1050,1055,1053,1023,14451
2283,965,971,982,954,23087
2284,942,958,967,917,10450
2285,990,1005,1023,936,27815
2286,934,958,990,879,3443
2287,987,996,1003,965,33260
2289,1042,1050,1025,1041,18825
2290,1000,1011,1004,985,32159
2291,1075,1065,1026,1107,13413
2292,972,982,940,1002,2434
2293,1004,1009,944,1063,2126
2294,953,953,900,1026,1879
2295,939,944,961,931,5818
2296,969,967,894,1043,1807
2297,966,973,929,1047,1620
2298,947,949,910,996,9443
2299,964,961,918,1015,10686
2300,1053,1042,940,1132,10097
2302,995,978,874,1106,590
2303,976,961,928,1032,9015
2304,944,951,921,972,14987
2305,1038,1043,1013,1057,11926
2306,689,663,713,749,3100
2307,930,950,936,920,3708
2311,972,985,1019,967,838
2312,921,935,979,901,1515
2315,987,997,985,984,13356
2316,983,994,1008,951,5517
2317,974,989,983,962,6174
2318,1025,1034,1059,961,11403
2319,933,949,966,902,6310
2320,997,1001,1027,951,29285
2321,1020,1029,1067,953,10912
2322,955,970,1006,889,16653
2323,980,988,993,962,24737
2324,929,938,964,905,22531
2325,915,927,962,881,26205
2326,887,902,957,834,7165
2327,875,896,920,839,7366
2328,971,987,1012,906,2544
2329,935,946,968,935,2141
2330,1001,1008,1041,919,20494
2333,957,965,990,891,13245
2334,941,962,1002,857,2479
2335,1015,1026,1067,934,5422
2336,957,982,1016,872,2337
2337,985,996,1016,939,7752
2338,938,957,963,928,1539
2339,949,958,992,945,666
2340,954,964,974,938,45740
2341,845,856,908,832,1736
2342,1016,1021,1032,1023,558
2343,926,934,964,920,4531
2344,1037,1054,1079,982,736
2345,978,995,1044,933,766
2346,868,872,915,891,2816
2347,895,901,929,918,1879
2350,989,991,960,1036,24494
2352,948,966,1001,917,2809
2353,965,989,1029,910,993
2354,969,976,993,990,3527
2355,951,956,972,950,766
2357,922,926,941,957,4359
2358,963,975,988,977,4047
2359,886,882,941,907,601
2360,917,928,947,919,14493
2361,837,824,918,888,881
2365,959,976,992,956,3411
2369,822,813,898,860,1166
2370,912,920,940,930,7564
2371,887,898,931,907,742
2372,922,931,952,944,4968
2380,936,948,966,913,10152
2381,933,935,981,957,1745
2382,888,895,950,872,1191
2386,982,993,1014,991,301
2388,924,932,946,930,3091
2390,950,967,974,931,8254
2395,823,805,880,893,779
2396,887,888,933,930,1168
2397,1009,1016,1019,1025,408
2399,973,982,1009,981,875
2400,925,927,934,924,10204
2401,961,960,1006,990,323
2402,924,928,957,949,1917
2403,903,907,979,900,555
2404,906,919,950,928,1784
2405,1007,1003,1014,1034,549
2406,938,938,953,997,742
2408,1023,1024,1015,1034,421
2409,757,710,775,844,1140
2410,923,932,990,944,350
2415,945,956,981,947,281
2420,951,960,985,952,4067
2421,1039,1043,1071,999,1520
2422,935,948,971,933,5211
2423,907,920,962,898,3234
2424,888,878,924,945,552
2425,943,961,998,906,1616
2426,889,905,940,868,519
2427,882,889,926,896,2478
2428,912,924,940,916,22698
2429,913,926,961,908,9241
2430,907,913,938,910,32584
2431,921,938,958,923,4953
2439,957,976,1004,934,2451
2440,863,865,914,880,21370
2441,957,963,1000,947,6292
2443,900,918,933,898,8848
2444,965,975,970,968,42636
2445,995,1009,1021,973,5869
2446,945,956,990,924,12519
2447,908,922,947,905,6793
2448,886,893,905,911,8713
2449,857,857,914,901,2328
2450,955,961,957,960,38289
2452,928,941,941,924,15019
2453,936,942,956,982,2701
2454,955,959,960,1010,7367
2455,910,926,936,914,3018
2456,948,957,974,947,13596
2460,900,910,943,893,28571
2462,884,892,930,897,2510
2463,927,945,971,910,7158
2464,938,956,946,946,6692
2465,925,935,950,930,355
2466,852,868,907,862,1699
2469,878,881,923,927,4257
2470,883,895,940,861,14557
2471,903,915,960,906,2582
2472,908,930,952,900,1735
2473,894,903,910,920,2973
2474,915,926,947,938,6390
2475,893,904,945,923,444
2476,848,831,886,917,1014
2477,989,1000,1000,990,11228
2478,974,981,977,979,26770
2479,1028,1027,1025,1067,4550
2480,948,954,952,971,44398
2481,1000,993,968,1052,10708
2482,947,946,948,1013,5750
2483,951,954,960,983,10036
2484,935,945,961,946,18073
2485,905,916,910,910,13362
2486,956,969,985,923,30607
2487,982,983,977,993,11197
2488,953,963,960,953,3111
2489,981,991,1005,964,6316
2490,985,995,1019,946,687
2500,995,982,914,1070,37029
2502,838,826,883,844,11715
2505,881,872,901,887,4902
2506,880,883,915,862,7434
2508,1080,1076,1096,1043,8652
2515,1080,1074,1059,1105,10388
2516,1032,1024,1025,1051,5678
2517,1006,1007,1003,1008,12933
2518,940,943,935,952,18646
2519,999,995,983,1022,16240
2525,1048,1047,1049,1041,10620
2526,1006,1006,1020,988,15834
2527,981,993,1023,916,20606
2528,891,900,923,874,23267
2529,1010,1012,1038,956,22309
2530,967,980,1006,915,29695
2533,1052,1055,1047,1052,14942
2534,1045,1054,1041,1049,4987
2535,1014,1026,1019,1024,6996
2536,938,955,961,929,17486
2537,946,962,965,954,10917
2538,992,1005,1015,1005,2248
2539,933,950,961,928,16529
2540,955,966,986,941,41343
2541,903,906,921,913,24150
2545,951,969,977,958,1079
2546,930,945,955,950,8780
2548,981,1005,983,977,6882
2549,972,994,1000,958,3623
2550,951,967,980,956,15695
2551,883,896,919,868,3453
2555,913,914,962,891,454
2556,1036,1029,1098,947,2390
2557,1009,997,1069,954,4000
2558,986,996,1027,931,11120
2559,627,556,654,744,3801
2560,948,950,975,924,72211
2563,969,985,1006,919,241
2564,871,870,893,881,13379
2565,985,987,994,961,16591
2566,965,975,1001,927,24048
2567,1066,1057,1110,988,33942
2568,1059,1061,1083,1019,880
2569,1048,1044,1097,971,1271
2570,1059,1050,1092,1009,28358
2571,1049,1048,1095,980,10144
2572,1016,1021,1060,958,3941
2573,951,958,986,913,4506
2574,1007,1014,1060,937,5405
2575,995,1006,1028,977,14020
2576,1061,1055,1051,1080,12723
2577,1006,1015,1026,999,14635
2578,1006,1017,1010,1033,2423
2579,992,1001,1032,970,3598
2580,947,953,972,940,27081
2581,1039,1040,1062,1043,1994
2582,1052,1052,1081,1032,11520
2583,978,992,1009,986,4014
2584,986,1003,1019,1024,462
2585,1006,1000,985,1085,339
2586,959,968,988,978,2718
2587,912,922,954,922,2819
2588,1007,995,1026,1074,307
2590,930,944,965,925,7123
2594,938,951,965,927,11467
2600,1138,1117,1071,1193,6898
2601,1146,1126,976,1232,4792
2602,1079,1062,998,1158,28570
2603,1123,1093,1059,1173,8622
2604,1090,1067,988,1168,8655
2605,1115,1097,1063,1165,11323
2606,1073,1062,999,1132,8166
2607,1107,1092,1062,1140,13466
2609,930,949,917,947,901
2611,1093,1079,1063,1121,23237
2612,1095,1071,957,1206,14652
2614,1088,1077,1038,1134,19099
2615,1065,1059,1053,1070,43723
2617,1091,1080,1037,1115,29668
2618,1129,1117,1122,1110,1059
2619,1163,1132,1167,1128,9426
2620,1036,1035,1032,1023,35778
2621,1120,1104,1142,1081,5376
2622,1000,1014,1014,1022,3260
2623,991,1009,1033,979,747
2625,1023,1042,943,1101,470
2626,1028,1048,1076,1010,501
2627,1050,1070,1036,1023,4400
2628,999,1018,1015,1003,1810
2629,994,1008,1019,995,585
2630,966,982,972,964,8326
2631,944,958,987,968,725
2632,943,964,973,940,1660
2633,901,904,949,916,453
2640,993,1001,983,995,33744
2641,908,926,921,885,14316
2642,1011,1025,1038,999,5002
2643,939,968,989,892,2556
2644,972,982,1000,974,2597
2645,852,864,945,836,299
2646,939,961,971,914,6773
2647,953,985,985,922,1907
2648,911,921,948,926,2502
2650,987,996,989,976,53956
2651,972,1004,994,916,2218
2652,988,999,1028,978,4849
2653,926,938,969,910,2338
2655,971,991,1016,941,1056
2656,975,993,1013,988,1304
2658,940,946,969,971,1441
2659,985,1009,1020,949,914
2660,941,952,983,943,1668
2661,1089,1144,1022,1075,338
2663,893,906,946,872,4577
2665,956,962,995,987,2330
2666,935,956,965,923,5042
2668,921,912,975,988,411
2669,987,990,1024,1025,1998
2671,953,978,989,920,3892
2672,907,914,923,932,1474
2675,947,959,978,927,1428
2680,950,962,976,923,22702
2681,968,991,998,925,1641
2700,901,914,936,910,4876
2701,988,1003,1022,985,2439
2702,893,922,959,891,613
2703,926,957,935,905,940
2705,938,953,979,919,9993
2706,884,891,934,895,1210
2707,985,996,1018,991,1312
2710,940,953,966,948,9838
2711,924,935,950,932,3277
2712,927,940,963,933,1406
2713,944,953,969,968,3074
2714,937,956,958,938,2390
2715,932,949,968,941,1621
2716,944,961,965,959,1066
2717,897,903,940,916,1380
2720,940,956,969,914,7825
2721,960,946,1002,1044,350
2722,928,946,979,907,2977
2725,935,944,994,944,443
2726,1013,1024,1039,1023,304
2727,1007,1010,1034,1001,564
2729,965,978,1003,953,1726
2730,885,901,941,855,1416
2731,973,997,997,947,5573
2732,958,974,974,970,1850
2733,931,938,954,967,586
2735,993,1009,1029,990,655
2736,970,981,978,982,400
2737,940,956,983,928,797
2738,1033,1053,1046,1009,1218
2739,971,984,987,967,1510
2745,1072,1065,1109,998,26223
2747,960,973,987,916,34249
2748,1065,1051,1117,977,1911
2749,996,1000,1035,942,15775
2750,989,999,997,959,42582
2752,1034,1039,1101,935,4681
2753,1002,1007,1024,964,17090
2754,1017,1019,1033,985,5281
2756,1003,1009,1039,951,32244
2757,1061,1068,1085,1007,877
2758,1084,1077,1127,1034,8551
2759,1020,1034,1064,934,26506
2760,904,911,934,881,27050
2761,988,999,1027,938,27714
2762,1015,1021,1038,957,3816
2763,1054,1048,1065,1015,29847
2765,998,1002,1035,940,14835
2766,967,973,1002,930,14182
2767,957,948,977,948,19513
2768,1125,1089,1147,1078,26459
2769,1191,1125,1239,1118,2932
2770,829,820,867,840,60382
2773,1103,1095,1091,1115,5854
2774,1076,1075,1072,1075,12636
2775,948,957,975,975,1543
2776,1064,1065,1053,1079,3983
2777,1063,1064,1063,1062,17788
2778,1062,1067,1064,1087,2432
2779,1025,1031,1020,1055,4532
2780,973,970,945,1052,12922
2782,1017,1018,1007,1058,5940
2783,990,995,992,1034,2884
2784,1023,1027,1019,1046,1208
2785,990,1000,977,1052,4570
2786,966,983,968,989,996
2787,945,962,994,905,4216
2790,913,920,944,884,14800
2791,1005,1010,1035,1004,690
2792,958,960,998,987,494
2793,927,926,975,948,1131
2794,914,925,943,913,10005
2795,986,993,996,978,39873
2797,901,918,961,872,216
2798,1039,1044,1078,1016,2387
2799,944,957,982,907,3841
2800,979,985,994,967,41356
2803,973,971,1004,1018,303
2804,944,946,964,972,2635
2805,899,903,926,936,295
2806,953,965,987,950,912
2807,754,749,852,810,259
2808,924,931,961,944,227
2809,951,948,979,998,320
2810,934,944,967,964,2973
2820,896,888,924,936,7884
2821,924,929,952,934,4936
2823,904,903,930,948,1409
2824,919,922,934,952,2321
2825,933,947,958,934,2689
2827,888,889,924,918,3571
2828,847,829,877,938,579
2829,887,882,917,924,3181
2830,965,977,984,947,37757
2831,974,976,1012,989,3891
2832,892,882,902,956,2749
2833,887,872,879,952,762
2834,807,800,834,884,2491
2835,957,972,983,906,4257
2836,797,767,781,901,931
2839,812,781,784,924,1410
2840,934,933,924,993,2870
2842,811,796,891,884,449
2843,935,944,949,963,1277
2844,941,944,958,961,1432
2845,926,935,976,876,1904
2846,923,924,969,902,370
2847,902,918,975,845,2308
2848,832,830,883,857,1722
2849,965,974,992,968,1597
2850,966,977,992,945,15935
2852,937,951,990,901,3360
2864,1039,1042,1067,1013,1151
2865,930,948,975,891,731
2866,984,999,1012,977,2790
2867,932,927,976,957,614
2868,864,867,893,900,520
2869,896,895,922,950,1478
2870,941,955,964,926,12211
2871,934,946,959,940,8889
2873,953,947,960,1009,636
2874,951,953,1000,999,377
2875,951,948,986,998,1043
2876,920,911,965,986,305
2877,912,914,943,950,4122
2878,799,784,849,863,199
2879,899,896,907,942,859
2880,893,904,922,892,19223
2898,1004,1037,995,1008,359
2900,1071,1062,983,1117,1481
2902,1072,1063,1058,1080,15433
2903,1071,1060,1055,1076,9577
2904,1113,1098,1110,1095,13015
2905,1065,1058,1063,1043,29198
2906,1080,1070,1088,1055,18150
2911,1144,1128,1095,1162,568
2912,1122,1093,1071,1133,7143
2913,1106,1089,1082,1115,25400
2914,1151,1117,1136,1146,13819
3000,1030,999,780,1192,20609
3002,1126,1117,987,1213,4721
3003,1088,1065,926,1185,3746
3004,1116,1103,969,1200,7734
3005,1104,1081,923,1196,690
3006,1110,1092,929,1199,11301
3008,1115,1091,947,1191,5092
3011,980,964,900,1069,18043
3012,973,964,932,1035,23125
3013,1054,1047,1008,1095,13772
3015,1058,1051,1022,1089,16177
3016,1073,1062,1028,1122,14734
3018,1009,1019,988,1018,11777
3019,839,801,841,929,8187
3020,888,875,914,918,40535
3021,867,852,913,890,51764
3022,881,875,905,913,2827
3023,993,992,1029,972,55675
3024,983,1000,1012,943,17984
3025,913,908,935,942,11391
3026,685,700,823,683,87
3027,1074,1063,1081,1072,3229
3028,962,975,975,949,27767
3029,997,1008,1020,962,68421
3030,1022,1021,1033,1003,77718
3031,986,957,892,1101,17273
3032,1036,1020,981,1082,25374
3033,1019,1030,1032,997,13255
3034,992,992,1012,988,10981
3036,1074,1078,1083,1033,5831
3037,1012,1021,1052,967,46893
3038,1022,1030,1053,979,28191
3039,1065,1060,1008,1104,13558
3040,1074,1075,1023,1096,23859
3041,1075,1077,1053,1072,11331
3042,1009,1022,1009,996,14374
3043,981,996,998,956,17372
3044,1018,1025,995,1043,24454
3045,1047,1070,1011,1033,140
3046,949,954,951,971,30798
3047,805,783,870,857,18993
3048,834,818,911,871,18097
3049,1008,1020,1040,959,8779
3051,990,959,841,1121,11753
3052,1078,1053,932,1196,4668
3053,980,942,768,1149,13509
3054,1090,1077,957,1188,8273
3055,1026,1023,939,1104,13149
3056,1047,1036,944,1134,22768
3057,1060,1052,956,1146,8492
3058,1004,999,969,1060,31574
3059,1063,1060,1115,999,11939
3060,904,902,932,933,12605
3061,827,812,907,870,5465
3063,1021,1018,1057,971,672
3064,965,969,1022,936,53153
3065,987,949,875,1108,9435
3066,937,894,836,1062,6463
3067,1071,1054,981,1150,4913
3068,1077,1062,978,1167,17244
3070,1056,1047,987,1135,22929
3071,1023,1020,959,1093,17420
3072,983,976,943,1044,29921
3073,939,939,933,973,47644
3074,885,878,944,888,20331
3075,885,879,949,884,19864
3076,974,985,1011,944,26335
3078,1068,1068,1012,1128,10535
3079,1092,1084,1041,1140,14863
3081,911,900,877,1000,13440
3082,1006,1019,1029,972,30521
3083,1018,1018,1004,1025,28060
3084,1080,1081,1048,1107,24272
3085,1064,1070,1037,1077,13731
3087,1019,1032,1017,1019,8983
3088,1061,1069,1056,1049,26445
3089,1086,1090,1105,1043,11529
3090,1125,1114,1163,1039,2105
3091,1098,1088,1127,1032,1511
3093,1099,1092,1079,1098,3773
3094,1062,1073,1045,1071,8758
3095,1106,1104,1102,1094,27631
3096,1081,1090,1100,1039,1950
3097,1122,1109,1110,1125,1292
3099,1075,1081,1082,1063,4879
3101,1119,1100,1061,1172,23882
3102,1104,1093,1062,1149,6010
3103,1099,1081,1046,1150,15293
3104,1104,1088,1070,1138,20328
3105,1052,1049,1046,1056,10877
3106,1108,1091,1103,1099,16477
3107,1075,1068,1063,1088,13152
3108,1057,1047,1031,1087,18372
3109,1065,1056,1045,1082,27039
3111,1097,1088,1088,1092,11795
3113,1128,1114,1130,1128,8474
3114,1151,1131,1164,1115,3713
3115,1124,1115,1147,1066,3833
3116,1040,1054,1066,1001,9111
3121,1041,1018,936,1124,26115
3122,1100,1089,983,1178,21180
3123,1113,1099,1024,1178,13108
3124,1130,1112,1083,1164,20004
3125,1045,1022,961,1120,13165
3126,1140,1117,1094,1181,7846
3127,1125,1109,1070,1167,18069
3128,1037,1022,952,1120,17369
3129,1057,1050,1013,1101,16057
3130,1067,1065,1030,1102,30402
3131,1030,1030,1000,1065,21013
3132,1056,1060,1023,1083,14822
3133,1077,1075,1069,1078,21334
3134,1050,1052,1035,1055,31123
3135,1041,1051,1024,1051,19025
3136,1029,1041,1026,1018,40958
3137,1005,1026,1028,963,13092
3138,1027,1041,1048,989,20708
3139,1005,1028,1052,952,13554
3140,1022,1037,1047,982,15657
3141,1081,1070,936,1172,19144
3142,1124,1110,1032,1190,12873
3143,1103,1091,1000,1184,8761
3144,1124,1105,1057,1176,10311
3145,1103,1088,1035,1155,21326
3146,1122,1109,1067,1162,24943
3147,1059,1043,1014,1113,13651
3148,1024,1011,967,1074,7822
3149,1073,1066,1035,1104,32058
3150,1077,1067,1051,1094,58316
3151,1043,1034,1010,1075,10132
3152,1061,1062,1061,1042,31246
3153,990,1006,996,978,19674
3154,1040,1060,1059,1008,4232
3155,994,1014,996,979,20836
3156,1033,1046,1051,994,35638
3158,1053,1064,1061,1041,6966
3159,1060,1067,1074,1048,2569
3160,1047,1059,1055,1044,9091
3161,1104,1093,1028,1166,14573
3162,1098,1086,1044,1142,16431
3163,1058,1060,976,1115,29531
3165,1057,1057,1037,1068,25911
3166,1034,1029,988,1073,22336
3167,1019,1020,1015,1022,9129
3168,1000,980,877,1094,16895
3169,960,955,964,972,19111
3170,1041,1041,1040,1034,17658
3171,877,852,895,924,19766
3172,965,960,995,959,22362
3173,979,971,1029,953,19886
3174,898,893,913,925,35761
3175,896,890,912,925,47990
3177,844,842,881,864,10237
3178,1075,1080,1091,1027,34796
3179,1035,1049,1045,1002,5891
3180,1031,1047,1034,1002,7138
3181,1068,1053,942,1156,18258
3182,1064,1063,929,1149,20630
3183,1063,1060,952,1144,17930
3184,1095,1091,981,1171,14638
3185,1081,1076,1003,1150,12200
3186,1130,1108,1077,1172,21246
3187,1109,1091,1074,1143,15831
3188,1081,1061,1042,1132,16879
3189,1040,1043,1019,1058,5289
3190,1053,1048,1029,1084,10268
3191,1112,1095,1068,1155,9334
3192,1040,1046,1015,1056,20285
3193,1124,1111,1096,1142,18787
3194,1054,1058,1015,1080,11663
3195,1070,1071,1057,1071,34113
3196,1013,1024,996,1019,23602
3197,1039,1043,1035,1026,11181
3198,964,981,958,966,16037
3199,982,991,977,987,52668
3200,808,812,848,819,5633
3201,958,985,985,918,19098
3202,1092,1083,1083,1088,2772
3204,1074,1068,1029,1114,28214
3205,1050,1022,938,1155,9325
3206,1101,1083,1022,1171,10026
3207,1084,1063,996,1150,14521
3211,1026,1029,1062,959,1391
3212,1013,1031,1039,970,14146
3214,813,817,858,814,23416
3215,957,969,966,950,19815
3216,1024,1038,1013,1022,52047
3217,1088,1070,1034,1107,1252
3218,993,1004,949,1034,12602
3219,913,929,930,914,20056
3220,1048,1052,997,1092,15306
3221,1040,1045,1070,1001,7905
3222,1001,1024,1024,970,12067
3223,941,954,963,945,6515
3224,1010,1035,1035,963,10122
3225,1050,1058,1013,1105,3884
3226,1037,1051,1028,1043,12566
3227,1075,1079,1053,1105,4339
3228,1081,1083,1063,1084,14658
3230,1031,1048,1011,1060,2453
3231,1049,1057,1031,1090,1416
3232,1018,1041,997,1059,1046
3233,984,1007,983,1009,1738
3235,1038,1057,1041,1106,371
3236,937,940,936,1035,239
3237,975,983,1006,1017,480
3238,989,995,1004,1069,203
3239,952,950,984,981,382
3240,1068,1083,1095,1039,2079
3241,953,968,990,944,2240
3242,1009,1024,1015,1024,740
3243,1046,1050,1059,1076,636
3249,1000,1015,1046,986,2905
3250,916,937,957,899,11781
3251,931,942,992,918,657
3254,959,984,1029,926,383
3260,949,964,972,957,4459
3264,935,959,971,932,2358
3265,1009,1020,1048,1007,2775
3266,977,995,1023,961,3426
3267,1034,1031,1091,1060,290
3268,1007,1024,1058,988,2551
3269,1031,1039,1032,1055,973
3270,954,958,928,1019,141
3272,960,970,977,983,1665
3273,1060,1054,1048,1123,121
3274,996,983,997,1070,352
3275,1021,1048,1078,949,472
3276,1012,1018,1051,1018,515
3277,1013,1030,1051,978,1887
3278,1020,1020,1078,1004,455
3280,966,984,966,963,29975
3281,1051,1070,1083,1011,1742
3282,1000,1023,1028,963,2314
3283,1046,1056,1071,1046,942
3284,998,1012,992,1027,3087
3285,1027,1043,1051,1029,1255
3286,991,993,1003,1038,617
3287,1016,1025,1065,1006,434
3289,975,981,1004,1002,731
3292,995,989,984,1042,311
3293,966,971,992,1030,263
3294,1017,1022,1013,1054,753
3300,960,984,965,951,10095
3301,1061,1065,1084,1073,1646
3302,1007,1011,1035,1015,556
3303,987,991,1035,987,418
3304,924,938,970,913,2464
3305,939,957,971,914,12634
3309,989,1003,1026,1002,224
3310,941,958,977,959,368
3311,917,935,936,917,1768
3312,1013,1026,1048,1028,939
3314,1046,1047,1052,1074,772
3315,956,969,981,966,1650
3317,994,999,1005,1042,317
3318,928,938,956,958,975
3319,958,972,988,952,325
3321,1028,1050,1058,992,1186
3324,932,939,972,979,561
3325,966,970,978,1028,512
3328,1019,1047,1071,963,1481
3329,1047,1064,1049,1036,315
3330,958,980,1007,929,433
3331,1032,1052,1076,968,4186
3332,998,1018,1046,936,948
3333,986,1002,1024,974,736
3334,981,987,1011,989,492
3335,912,926,984,855,1761
3337,948,962,993,905,31922
3338,936,949,980,897,15798
3340,994,1007,1022,967,18008
3341,1038,1050,1076,992,1520
3342,972,989,1006,951,3136
3345,993,1005,1032,973,1222
3350,992,1002,967,1024,54356
3351,991,1008,1030,965,7734
3352,1016,1033,1051,986,14635
3355,888,899,896,904,13019
3356,898,915,921,897,14339
3357,1053,1064,1042,1064,3233
3360,953,961,985,960,787
3361,970,976,970,994,925
3363,952,964,958,969,3293
3364,1017,1032,1031,1032,2028
3370,892,901,937,926,1656
3371,920,934,971,934,1204
3373,909,923,944,908,1805
3374,998,1006,1010,994,569
3375,1013,1015,1016,1020,248
3377,918,934,953,920,8673
3378,1085,1071,1079,1141,328
3379,937,934,974,997,586
3380,899,911,939,903,6158
3381,1003,1014,1000,1043,976
3384,980,988,1015,1000,839
3385,991,1001,1037,1000,592
3387,1025,1029,1052,1075,332
3388,966,973,985,1009,549
3390,938,951,958,961,992
3391,976,983,1013,1006,262
3392,919,926,964,955,669
3393,925,935,954,949,2744
3395,995,1004,1007,1011,642
3396,947,967,970,957,555
3400,949,968,948,956,14280
3401,1039,1052,1065,1024,4523
3407,982,986,986,991,333
3409,1011,1012,1022,1055,1073
3412,891,882,940,983,216
3413,1052,1050,1051,1066,252
3414,899,915,940,916,1660
3418,955,975,990,949,2799
3419,962,978,983,982,1071
3420,1023,1036,1042,1039,298
3423,878,884,940,922,633
3424,946,969,978,966,740
3427,964,981,1011,907,2281
3428,1020,1010,1063,964,653
3429,1024,1040,1049,973,34558
3430,1030,1043,1074,989,433
3431,1081,1090,1102,1035,3758
3433,1085,1093,1121,1000,320
3434,1025,1042,1058,985,4427
3435,1012,1024,1045,990,2710
3437,1079,1080,1088,1056,8697
3438,1078,1088,1088,1053,2379
3440,1084,1088,1079,1102,1851
3441,1119,1102,1106,1140,1320
3442,1057,1063,1060,1068,7187
3444,986,1000,1005,994,8472
3446,967,990,987,974,614
3447,973,983,986,1051,463
3448,1006,1018,1033,1019,678
3450,950,964,938,1010,6768
3451,987,1002,1007,1004,4798
3453,1010,1021,1027,1024,1547
3458,1002,1018,999,1030,1711
3460,950,955,929,1032,2563
3461,990,1007,999,1041,3952
3462,958,971,974,1005,985
3463,983,997,994,1007,2851
3464,950,976,989,944,1145
3465,879,896,915,885,8638
3467,896,908,923,934,1256
3468,934,941,957,947,237
3469,949,949,978,1020,418
3472,861,873,914,879,1407
3475,901,906,950,941,299
3477,960,969,989,993,398
3478,908,923,949,919,3028
3480,940,964,957,956,1692
3482,1000,1006,1008,1055,455
3483,953,974,949,993,659
3485,885,892,938,893,193
3490,942,961,956,935,1086
3491,981,980,1001,1040,430
3494,936,947,944,944,638
3496,917,932,953,908,5837
3498,975,998,1012,935,5024
3500,907,914,912,929,30659
3501,1010,1033,1051,968,1947
3505,925,940,968,911,4636
3507,1031,1036,1045,1059,415
3509,979,991,1038,992,200
3512,1025,1042,1036,1044,555
3515,1005,1024,1042,975,897
3516,966,981,1000,976,758
3517,899,910,954,919,1507
3518,882,891,913,926,1299
3520,808,796,883,902,248
3521,967,994,1014,927,732
3522,980,991,1022,996,404
3523,912,925,949,930,3503
3525,953,971,973,972,1281
3527,925,946,939,946,786
3530,997,992,983,1048,339
3531,979,985,990,1026,321
3533,936,948,971,948,842
3537,970,989,982,994,1171
3540,958,962,979,983,360
3542,1007,1012,1021,1062,226
3544,993,999,988,1033,334
3546,974,990,994,995,476
3549,893,881,916,930,3762
3550,964,974,939,998,40133
3551,1039,1060,1068,998,24117
3555,933,953,943,926,18385
3556,893,910,925,886,11175
3557,973,997,1024,933,607
3558,925,939,960,953,969
3559,1004,1011,1033,1028,562
3561,960,978,1004,947,4740
3562,954,964,988,927,284
3563,931,944,989,938,778
3564,954,973,980,934,15187
3566,943,959,985,977,523
3567,971,996,986,978,617
3568,957,978,980,959,2809
3570,947,968,1005,927,593
3571,981,985,998,1037,323
3572,1012,1013,1039,1036,205
3573,978,983,1018,1019,511
3575,924,921,944,947,888
3579,929,945,955,930,5253
3580,887,915,936,851,769
3581,992,1002,1010,1016,312
3584,955,973,981,948,1324
3585,945,960,946,951,10611
3586,1000,1021,1044,957,748
3588,899,929,973,822,311
3589,1012,1026,1038,1022,370
3590,1016,1037,1044,988,373
3591,1043,1063,1071,1020,272
3594,894,909,924,919,481
3595,873,887,916,864,686
3596,903,895,984,931,145
3597,990,1004,994,1006,584
3608,940,957,977,940,2307
3610,947,959,982,949,1672
3612,905,916,949,917,1683
3614,1020,1047,1067,971,755
3616,956,969,985,953,5069
3617,1011,1029,1043,986,289
3618,926,938,977,907,679
3620,936,953,959,929,8032
3621,931,948,976,904,2194
3622,993,996,1060,971,329
3623,931,946,988,926,916
3624,932,940,985,929,591
3629,907,921,933,908,9173
3630,908,912,922,929,29556
3631,1036,1051,1064,993,10160
3633,1036,1055,1059,983,629
3634,1015,1034,1055,981,1764
3635,975,994,1016,951,640
3636,935,952,974,928,5417
3637,985,992,1026,990,676
3638,939,955,973,937,2037
3639,881,893,952,897,515
3640,988,1002,1044,956,1144
3641,926,941,987,912,1074
3644,915,929,950,909,7026
3646,1018,1028,1040,1026,774
3649,937,949,997,936,435
3658,960,980,1013,917,5829
3659,1024,1038,1040,999,788
3660,905,915,920,908,7422
3662,1080,1125,1017,1064,1154
3663,1050,1047,1067,1060,208
3664,982,998,1010,977,1051
3666,953,965,975,973,4875
3669,969,980,988,998,1084
3670,993,1009,1023,1002,669
3672,923,936,940,934,10353
3673,1017,1029,1058,1012,1508
3675,1020,1038,1055,996,1463
3677,934,951,942,934,17182
3678,1035,1044,1065,1022,6265
3682,1006,1020,1037,1000,660
3683,965,981,998,939,1637
3685,957,971,980,958,2494
3687,934,952,988,899,890
3688,1019,1039,1054,964,1251
3690,948,960,955,939,30522
3691,1049,1062,1074,1010,8389
3694,1012,1038,1009,1044,582
3695,1034,1045,1078,1011,444
3697,1007,1024,1020,1004,595
3698,1029,1046,1014,1069,835
3699,909,925,902,944,1048
3700,941,960,958,939,1167
3701,1015,1026,1044,1028,1074
3705,997,1004,1033,1026,411
3707,953,967,958,986,1708
3709,973,976,1002,1027,302
3711,969,1002,1004,943,256
3712,949,961,953,1002,361
3713,910,931,940,921,981
3714,969,988,986,980,3251
3715,1010,1027,1049,1020,304
3717,973,987,993,996,2662
3719,1030,1037,1054,1058,547
3720,958,975,998,949,520
3722,984,1006,997,980,4356
3723,1010,1029,1019,1029,2971
3725,1003,1011,1026,997,348
3726,1019,1022,1031,1050,857
3727,989,1005,1013,986,363
3728,911,922,971,906,556
3730,955,977,984,937,8002
3732,960,977,993,941,430
3733,1014,1032,1026,1033,423
3735,986,1015,1029,967,516
3737,936,953,959,919,4254
3739,981,998,997,988,377
3740,992,1015,993,985,950
3741,988,1004,976,1018,3074
3744,998,1032,1009,1007,295
3746,938,963,974,957,230
3747,997,1002,994,1041,4231
3749,1037,1052,1040,1041,1852
3750,1029,1030,1090,993,512
3751,995,996,1037,956,337
3752,1037,1046,1071,985,20878
3753,1040,1038,1096,971,872
3754,1079,1084,1112,1018,17789
3755,1036,1033,1065,1007,299
3756,1011,1026,1058,952,9244
3757,1020,1035,1055,977,7972
3758,1023,1042,1071,942,2132
3759,1081,1088,1099,1052,1161
3760,1077,1076,1078,1093,390
3761,1064,1063,1088,1058,1141
3763,991,1004,1029,988,1352
3764,998,1015,1029,959,7528
3765,1043,1058,1065,1009,6737
3766,1074,1080,1076,1088,1208
3767,1067,1066,1077,1099,1243
3770,1032,1053,1071,970,3194
3775,1050,1063,1065,1011,3487
3777,980,996,1004,975,10315
3778,984,997,1005,981,472
3779,977,1000,992,1005,221
3781,1004,1025,1046,967,4392
3782,1046,1059,1072,1015,7774
3783,1018,1031,1059,984,2155
3786,1092,1089,1096,1112,1531
3787,1096,1095,1087,1108,1155
3788,1074,1076,1070,1109,1651
3789,1074,1077,1056,1130,267
3791,1077,1078,1077,1087,1560
3792,1083,1090,1088,1113,1044
3793,1013,1028,1037,994,3450
3795,1032,1047,1053,1021,1213
3796,1029,1050,1063,988,9362
3797,959,979,996,939,3205
3799,913,930,956,932,6020
3802,1003,1008,1028,984,24568
3803,948,953,989,927,10170
3804,1097,1084,1150,1010,6703
3805,1010,1023,1050,959,54480
3806,1062,1067,1073,1027,45541
3807,1067,1074,1105,1005,6790
3808,1110,1112,1134,1055,2977
3809,1067,1072,1091,1021,1760
3810,985,1003,1015,941,35311
3812,1033,1046,1079,973,2263
3813,1025,1041,1066,971,1096
3814,1003,1026,1054,946,1922
3815,1006,1030,1053,938,2922
3816,963,981,1015,925,1973
3818,969,986,1004,946,12092
3820,982,994,990,983,14080
3821,1034,1049,1068,1007,2562
3822,1043,1056,1082,1006,1043
3823,994,1010,1017,990,1783
3824,987,1003,1001,976,4639
3825,896,904,915,893,20328
3831,1010,1022,1038,1002,1453
3832,1001,1011,1056,1006,416
3833,913,928,960,941,320
3835,979,999,1029,958,505
3840,878,880,898,872,16602
3842,910,916,918,916,4938
3844,979,995,988,952,27608
3847,951,956,992,934,2172
3850,960,972,959,964,14260
3851,969,980,1013,952,4948
3852,1055,1070,1030,1105,120
3854,1034,1056,1069,956,1508
3856,979,1007,1027,906,915
3857,1014,1031,1033,1007,376
3858,928,942,977,911,2895
3859,992,1003,1037,974,910
3860,958,977,985,947,6967
3862,999,1015,1031,980,3135
3864,961,962,1009,962,393
3865,953,989,1009,891,393
3869,1004,1023,1027,963,1481
3870,974,983,1005,962,1520
3871,994,1009,1025,988,2852
3873,1013,1012,1037,994,445
3874,941,945,992,957,489
3875,949,965,967,949,16655
3878,978,996,1002,980,734
3880,955,977,965,963,3801
3882,970,995,1021,930,953
3885,950,967,978,973,1779
3886,959,980,996,962,443
3887,922,934,969,938,341
3888,910,918,934,949,3767
3889,892,886,910,978,286
3890,813,806,855,882,168
3891,998,1005,981,1085,170
3892,935,953,943,969,1035
3895,986,991,1004,1010,174
3896,950,955,959,990,420
3898,982,993,978,998,630
3900,960,966,979,993,251
3902,939,969,997,902,350
3903,929,950,965,918,624
3904,1004,1028,1006,1030,1217
3909,919,936,948,922,7748
3910,1026,1045,1055,965,21361
3911,998,1014,1036,939,3274
3912,1013,1032,1051,959,14623
3913,1021,1036,1058,968,3302
3915,903,917,938,885,9022
3916,1086,1095,1078,1097,589
3918,1026,1045,1063,965,3381
3919,952,979,995,911,2841
3920,1078,1156,1004,1066,1085
3921,1007,995,961,1148,115
3922,968,987,976,978,6800
3923,1009,1036,1018,1009,674
3925,996,1018,1006,984,3010
3926,1066,1070,1061,1074,3296
3927,1072,1076,1063,1096,1422
3928,1091,1094,1100,1117,468
3929,1073,1069,1063,1114,865
3930,1116,1106,1116,1114,17240
3931,1005,1013,1005,1009,22418
3933,1088,1086,1122,1039,1029
3934,1077,1083,1086,1054,17077
3936,985,1004,990,975,9013
3937,1085,1084,1091,1122,1905
3938,1020,1038,1034,1002,2552
3939,935,951,969,927,13642
3940,884,899,903,904,4571
3941,967,987,988,970,11709
3942,1014,1033,1008,1028,2164
3943,1044,1053,1022,1097,1453
3944,1137,1126,1089,1190,443
3945,1016,1030,1056,1001,961
3950,947,969,980,931,4624
3951,1046,1056,1080,1051,928
3953,985,1006,1009,968,7303
3954,1048,1078,1083,1016,384
3956,967,984,993,985,2214
3957,1014,1021,1034,1019,445
3958,1048,1067,1090,1033,495
3959,1014,1030,1034,1038,990
3960,975,993,989,987,2283
3962,939,954,980,942,1146
3965,905,933,953,928,179
3966,951,957,998,979,672
3971,929,944,969,924,4002
3975,1054,1047,1099,1005,11658
3976,933,946,977,908,23763
3977,982,996,1026,927,67404
3978,1031,1038,1066,968,1217
3979,1017,1027,1058,1023,668
3980,985,1011,1047,913,3069
3981,965,985,1030,911,4262
3984,912,927,965,895,4753
3987,989,1015,1058,907,1334
3988,999,1022,1038,977,899
3991,955,966,1010,928,412
3992,966,994,1010,941,605
3995,926,945,957,911,9150
3996,1011,1027,1005,1013,4977
4000,1068,1043,900,1155,14335
4005,1075,1065,959,1147,11333
4006,1084,1070,944,1146,14730
4007,1098,1083,1031,1131,10444
4008,906,921,927,887,351
4010,1053,1050,954,1090,1986
4011,1085,1074,1025,1116,14404
4012,1044,1044,991,1060,19811
4013,1020,1019,980,1036,4301
4014,1026,1029,1025,1000,10788
4017,1017,1026,1020,991,35803
4018,1009,1013,996,1010,8917
4019,934,944,931,939,19013
4020,980,984,973,982,20381
4021,926,944,953,892,9914
4022,967,974,980,926,6688
4025,952,973,946,995,298
4030,1069,1058,997,1110,15129
4031,1058,1057,1006,1076,12621
4032,1006,1009,959,1023,14298
4034,1021,1024,1013,1007,41841
4035,1108,1101,1120,1063,23310
4036,1028,1039,1055,965,6944
4037,1134,1119,1154,1083,7997
4051,1081,1071,1019,1117,25848
4053,1052,1052,1029,1054,41808
4054,1034,1035,1023,1035,12949
4055,1096,1096,1100,1064,19568
4059,1074,1050,959,1157,11558
4060,1119,1103,1076,1141,12927
4061,1118,1104,1101,1133,15923
4064,1115,1097,1011,1167,9988
4065,1132,1115,1093,1159,9256
4066,1107,1093,979,1176,16147
4067,1089,1054,910,1227,9138
4068,1100,1086,993,1169,21900
4069,1147,1120,1127,1164,33086
4070,1129,1108,1131,1115,10530
4073,1120,1100,1113,1119,9335
4074,1097,1089,1088,1088,23275
4075,1077,1067,1042,1108,21232
4076,924,920,941,943,6801
4077,848,828,884,881,25177
4078,1040,1040,1045,1012,22988
4101,1049,1028,918,1141,19309
4102,1013,991,907,1093,6266
4103,1044,1036,954,1107,13228
4104,1075,1065,1005,1127,5542
4105,1034,1029,979,1080,12829
4106,948,957,939,962,1261
4107,1016,1017,993,1031,6103
4108,966,965,933,988,4732
4109,1029,1010,993,1055,35445
4110,937,932,957,924,9581
4111,1043,1057,1007,1037,1395
4112,1061,1050,1059,1055,7769
4113,1045,1033,1011,1056,27426
4114,815,809,845,836,33210
4115,1062,1059,1080,1006,17824
4116,1078,1060,1081,1049,23309
4117,1048,1037,1069,979,1211
4118,985,997,1026,914,29068
4119,1052,1049,1062,1010,5324
4120,1048,1044,956,1106,8560
4121,1071,1064,1037,1099,23777
4122,1037,1033,1008,1052,41939
4123,1038,1051,1037,1002,16086
4124,1007,1009,1067,923,18396
4125,1011,1018,1072,917,6899
4127,1005,1014,1011,979,21711
4128,1061,1063,1081,997,15896
4129,1004,1022,1040,931,6130
4130,1080,1074,1110,1011,8036
4131,922,920,943,911,9296
4132,901,912,955,852,22512
4133,954,962,992,899,14716
4151,1080,1073,1007,1117,14944
4152,1081,1071,1054,1078,42502
4153,1092,1079,1091,1054,4594
4154,1142,1110,1147,1092,9231
4155,1127,1099,1158,1061,1080
4156,1138,1116,1159,1106,2975
4157,1020,1027,1043,962,18662
4158,988,1000,990,967,3546
4159,1038,1040,1060,980,13794
4160,1080,1070,1087,1038,17425
4161,1007,1018,1034,950,16736
4163,1024,1019,1011,1013,14413
4164,1085,1072,1110,1015,12804
4165,1050,1046,1078,980,33244
4169,1070,1058,952,1127,12604
4170,1080,1069,1023,1097,21948
4171,1120,1099,1060,1140,14536
4172,1056,1041,1044,1036,3964
4173,1029,1034,1037,988,8529
4174,998,1006,1028,939,2599
4178,992,993,991,978,23978
4179,1044,1043,1040,1023,18149
4183,918,924,924,951,2020
4184,838,835,873,894,6337
4205,918,933,934,908,4598
4207,952,959,989,911,47471
4208,1054,1044,1088,977,15776
4209,1040,1028,1046,974,34164
4210,1041,1036,1070,974,16273
4211,1009,1010,1029,962,56323
4212,1065,1055,1069,1019,24473
4213,1043,1037,1069,997,27726
4214,1024,1020,1027,995,35797
4215,944,944,894,989,44738
4216,998,1005,986,980,33766
4217,1020,1018,970,1033,35328
4218,1027,1027,991,1026,29668
4219,886,918,895,877,538
4220,1013,1020,995,999,28855
4221,995,1001,987,978,25612
4223,1005,1012,1013,981,14076
4224,981,991,968,974,5279
4225,933,943,889,960,6859
4226,1040,1036,1027,1015,29277
4227,1017,1008,1006,1002,18387
4228,1069,1064,1105,1008,5095
4229,1030,1011,868,1131,1688
4230,1044,1038,958,1050,1582
4270,1038,1040,1104,958,3460
4271,1010,1017,1014,1040,2675
4272,1038,1041,1042,1064,4341
4275,1022,1032,1057,987,2979
4280,1019,1023,1090,923,14889
4285,969,978,1026,921,18459
4287,920,925,974,938,656
4300,986,983,1006,955,45109
4301,935,943,965,893,23181
4303,788,770,823,825,4156
4304,910,924,930,903,15550
4305,941,954,957,922,57593
4306,1034,1036,1078,979,31405
4307,977,991,1025,945,1139
4309,967,990,1019,934,2351
4310,963,979,1006,946,6013
4311,912,918,987,884,9287
4312,925,937,975,929,3027
4313,895,904,951,902,1763
4340,966,979,1001,931,5858
4341,924,931,987,896,13079
4342,920,931,993,892,2026
4343,926,935,962,907,10492
4344,956,969,1001,924,2387
4346,953,982,997,925,570
4347,954,969,1023,939,1109
4350,975,987,976,977,102259
4352,1049,1059,1085,1001,24802
4353,990,999,1041,971,350
4354,927,942,978,924,1029
4355,917,928,964,937,2766
4356,969,990,1013,927,4903
4357,929,942,982,909,2455
4358,1003,1021,1049,959,1964
4359,994,1012,1026,984,1135
4360,944,951,985,950,482
4361,937,947,979,952,2251
4362,950,966,990,945,2708
4363,984,997,1039,964,523
4364,1009,1011,1042,992,304
4365,876,883,939,903,414
4370,927,944,966,908,17225
4371,943,960,992,927,725
4372,974,1001,1055,918,201
4373,890,906,954,882,1178
4374,991,1008,1007,996,345
4375,952,975,1011,920,156
4376,895,904,951,863,334
4377,934,952,1011,903,486
4378,951,962,1006,942,467
4380,926,939,959,931,7690
4381,948,954,990,941,450
4382,985,1000,1017,1031,464
4383,835,847,919,820,512
4385,910,925,954,925,1161
4387,897,903,948,903,1357
4388,920,925,974,935,487
4390,982,1001,1007,955,6816
4400,970,997,1031,899,1819
4401,918,934,978,881,5470
4402,898,911,959,939,283
4403,984,999,1018,974,791
4404,1009,1023,1043,997,361
4405,971,991,1004,928,13934
4406,973,974,1016,995,1501
4407,975,981,1002,969,676
4408,966,976,1019,968,831
4410,909,919,965,926,1248
4411,1015,1025,1049,1001,319
4412,1018,1025,1056,1010,403
4413,991,1007,1025,931,6673
4415,954,978,977,930,1855
4416,1026,1045,1039,1012,429
4417,964,967,985,975,739
4419,977,985,1021,980,1057
4420,953,963,998,960,1089
4421,809,808,896,848,2207
4422,988,997,1011,1000,667
4424,968,971,993,997,216
4425,982,989,997,1040,252
4427,866,881,955,892,211
4428,977,986,1030,970,865
4454,989,996,1026,968,986
4455,1005,1021,1021,972,8513
4462,1010,1027,1050,1016,140
4465,937,941,983,940,1624
4468,974,985,994,981,303
4470,947,962,964,937,3723
4472,937,954,975,927,1592
4477,933,942,967,941,587
4478,965,978,997,935,617
4480,941,949,954,966,969
4481,947,953,989,930,352
4486,937,934,973,950,709
4487,949,961,968,950,3293
4488,958,954,980,984,336
4490,905,905,921,946,1865
4492,985,1008,996,963,402
4494,1023,1034,1001,1020,188
4496,998,1005,1001,1003,360
4497,980,987,1010,987,381
4498,1014,1025,1017,1023,218
4500,1038,1045,1060,977,37614
4501,941,955,949,922,5350
4502,1025,1039,1047,982,8502
4503,1004,1016,1026,951,34278
4504,1059,1059,1100,980,16229
4505,1007,1018,1061,926,18710
4506,956,964,999,899,19690
4507,934,944,957,931,17071
4508,893,901,934,867,19702
4509,1082,1073,1085,1030,19351
4510,912,915,951,881,42186
4511,962,974,1013,911,8038
4512,1031,1029,1097,966,3013
4514,961,974,1024,927,5837
4515,916,929,987,879,3532
4516,1030,1038,1102,936,3714
4517,918,934,960,883,600
4518,1005,1015,1052,960,4779
4519,972,983,1010,934,7556
4520,1130,1109,1149,1105,12229
4521,1054,1057,1091,1018,4465
4550,971,989,1010,931,4169
4551,988,996,998,965,48872
4552,995,1000,994,1036,7779
4553,1028,1032,1068,972,5299
4554,1019,1022,1039,998,1809
4555,1022,1025,1051,997,6678
4556,1049,1046,1046,1025,38700
4557,1008,1013,992,986,14371
4558,957,971,935,958,16707
4559,1012,1021,1043,986,5941
4560,970,978,986,964,28040
4561,997,1004,1031,963,6582
4562,1034,1037,1060,1015,7210
4563,991,997,1014,976,7929
4564,994,1003,984,988,9856
4565,963,970,982,952,13962
4566,1018,1022,1000,1025,7118
4567,1027,1027,993,1048,10352
4568,979,988,1011,968,3348
4569,930,935,967,952,1455
4570,917,930,964,908,39106
4571,934,947,981,990,695
4572,1023,1031,968,1036,3726
4573,1029,1029,1017,1027,21403
4574,941,951,990,966,1222
4575,1011,1017,1005,983,21130
4580,866,882,930,861,4511
4581,943,954,945,951,1296
4600,900,910,964,914,956
4601,924,933,966,961,1063
4605,829,812,847,884,4691
4606,897,912,947,895,2127
4608,935,944,979,957,881
4610,942,953,977,932,14484
4611,974,959,1057,1002,240
4612,955,962,1009,975,417
4613,856,847,927,925,491
4614,854,856,922,872,1232
4615,874,884,939,884,6853
4620,925,934,993,947,583
4621,888,898,943,903,1341
4625,920,935,962,916,3052
4626,921,936,962,907,2031
4627,839,830,877,886,622
4630,947,953,979,958,2608
4650,900,913,941,893,32895
4655,919,924,951,918,55281
4659,880,894,949,865,4131
4660,901,915,961,889,6755
4662,830,841,917,814,867
4670,922,935,954,910,77143
4671,872,880,946,880,5878
4673,913,944,996,868,484
4674,848,850,916,881,1371
4676,887,885,981,887,223
4677,924,941,963,896,3044
4678,930,950,1005,880,882
4680,1020,1028,1050,934,50832
4694,929,934,988,860,241
4695,928,948,1008,858,1281
4699,928,941,1006,907,543
4700,948,961,948,964,18096
4701,959,974,978,932,42419
4702,981,996,1032,926,25383
4703,992,999,1017,961,20615
4705,1055,1062,1111,1012,428
4707,906,930,954,921,395
4709,1072,1102,1048,970,1484
4710,965,980,993,935,3917
4711,1066,1073,1134,953,1806
4712,839,848,883,821,259
4713,589,506,508,799,935
4714,802,798,861,844,3014
4715,986,1001,1017,917,7171
4716,1004,1023,1064,923,987
4717,1019,1034,1027,910,5108
4718,987,1009,1012,927,2583
4719,941,955,961,935,894
4720,1054,1057,1073,950,13888
4721,1010,1032,1033,932,3741
4722,1000,1018,1041,945,1634
4723,1016,1027,1056,943,1668
4724,987,1010,1033,949,569
4725,978,999,987,967,1653
4726,947,953,984,956,627
4727,984,1000,1011,962,350
4728,984,997,1015,970,368
4730,985,1000,982,991,3630
4731,952,969,977,935,216
4733,1039,1044,1071,1032,381
4735,888,905,921,894,957
4737,965,983,1025,878,7653
4738,958,971,1034,892,1104
4739,919,944,993,858,400
4740,1011,1020,1033,938,79552
4741,986,1005,1040,917,8384
4742,985,999,1031,922,1494
4743,1035,1072,1020,934,1306
4744,1054,1065,1047,938,8963
4745,1032,1055,1032,904,3010
4746,1043,1074,1031,924,1902
4750,1052,1052,1076,958,5345
4751,1034,1051,1090,914,4325
4753,1058,1067,1130,914,3016
4754,981,996,1050,908,1979
4756,907,929,968,883,534
4757,911,936,997,891,427
4798,926,954,1008,874,567
4799,908,924,973,899,845
4800,966,988,1018,908,8659
4802,1005,1018,986,972,8342
4803,1049,1034,967,1047,1209
4804,935,956,998,860,2410
4805,933,950,970,886,10477
4806,944,971,993,896,4029
4807,943,967,981,911,11097
4808,953,981,996,897,1270
4809,942,968,1002,908,908
4810,1014,1018,962,1043,21532
4811,1004,1010,1018,965,11752
4812,963,976,937,983,19488
4814,1014,1017,1006,995,44354
4815,959,971,993,916,20515
4816,883,877,888,901,8599
4817,1024,1034,1039,970,29770
4818,1024,1033,1072,940,20302
4819,948,963,935,990,2203
4820,932,950,971,909,10774
4821,927,940,964,897,1500
4822,964,983,985,948,826
4823,1001,1023,1030,942,1056
4824,950,962,950,919,2804
4825,977,984,978,938,21824
4828,637,568,626,827,187
4829,897,905,886,913,761
4830,649,591,627,825,1457
4849,898,919,945,895,1481
4850,944,970,982,908,11510
4852,969,988,977,973,3197
4854,920,945,967,877,5459
4855,946,974,989,932,842
4856,971,1003,1010,939,537
4857,915,961,1014,847,173
4858,973,998,1009,923,1254
4859,900,930,960,865,415
4860,906,916,927,906,11197
4861,876,884,898,888,1075
4865,972,983,1007,934,7664
4868,965,976,973,946,21439
4869,960,973,987,928,17628
4870,967,967,941,994,66329
4871,799,770,785,887,16104
4872,940,952,969,952,3655
4873,932,951,947,932,6005
4874,945,942,930,922,4964
4875,807,765,719,939,7480
4876,750,705,655,910,2317
4877,999,1019,980,1006,4765
4878,994,1003,979,1009,11634
4879,1035,1038,1020,1025,17132
4880,919,930,948,908,12132
4881,950,952,955,993,4351
4882,988,1012,1020,948,2433
4883,932,947,937,941,8083
4884,998,1017,1007,1016,1695
4885,954,967,982,967,3714
4886,925,931,955,961,843
4887,895,909,919,919,2230
4888,866,878,920,885,2837
4890,849,845,862,890,1465
4891,907,930,946,908,587
4895,837,827,808,907,4015
5000,1008,978,817,1163,12622
5006,1087,1077,981,1182,6654
5007,961,946,903,1047,6105
5008,930,923,906,986,13411
5009,964,976,954,979,4930
5010,880,862,892,935,5748
5011,967,978,960,978,9715
5012,854,831,871,915,9710
5013,869,868,887,903,9880
5014,930,941,932,942,11548
5015,943,952,917,978,5786
5016,979,996,982,972,8362
5017,851,855,870,873,4961
5018,1013,1034,1023,969,5835
5019,963,968,940,1003,9123
5020,1052,1063,1044,1032,2980
5021,1041,1054,1030,1025,5716
5022,1039,1044,1005,1055,14631
5023,919,924,918,938,15946
5024,1026,1041,1015,1018,12950
5025,996,1012,992,984,7957
5031,981,975,926,1055,9587
5032,1000,1011,966,1016,12216
5033,955,962,918,991,7852
5034,1073,1069,1011,1133,9660
5035,1023,1031,957,1080,5860
5037,985,998,946,1029,10145
5038,981,994,936,1015,14422
5039,979,986,940,1023,8302
5040,1005,1008,978,1035,2316
5041,1063,1067,1035,1098,12982
5042,978,984,943,1015,10397
5043,933,937,905,987,17592
5044,1034,1041,995,1061,10421
5045,1038,1046,980,1068,15467
5046,971,980,940,995,7996
5047,960,961,940,994,7510
5048,1010,1013,989,1044,13509
5049,1060,1068,1045,1063,9477
5050,1079,1085,1062,1107,5435
5051,1096,1098,1086,1116,13278
5052,1106,1102,1089,1142,6378
5061,1093,1082,1037,1145,9644
5062,1082,1076,1047,1132,14876
5063,1061,1053,998,1138,11799
5064,1098,1087,1063,1140,9574
5065,1077,1070,1017,1146,9596
5066,1116,1105,1086,1157,11279
5067,1060,1050,967,1149,9957
5068,1050,1046,987,1117,11793
5069,1068,1056,1012,1138,8260
5070,998,998,950,1056,14189
5072,1046,1042,1008,1092,11958
5073,1015,1018,995,1042,14601
5074,961,970,952,981,12238
5075,1011,1027,1009,1011,10255
5076,1053,1067,1062,1038,9269
5081,1073,1065,1025,1129,8653
5082,1036,1034,993,1078,14504
5083,1011,1018,967,1057,7261
5084,842,821,832,923,9467
5085,945,942,935,982,15794
5086,960,964,937,1001,15177
5087,971,977,934,1018,10420
5088,914,928,918,927,3185
5089,1062,1074,1071,1044,6645
5090,989,1012,996,971,7639
5091,1039,1061,1046,1009,7343
5092,995,1017,1000,973,15884
5093,960,983,979,949,8914
5094,886,902,926,880,792
5095,1013,1017,1004,1017,17920
5096,965,984,997,930,14465
5097,1007,1034,1019,974,13322
5098,948,967,977,925,12101
5107,892,902,947,873,15338
5108,868,874,918,853,37947
5109,943,963,977,906,20320
5110,927,940,993,895,8131
5112,817,809,850,836,18747
5113,754,744,805,781,18661
5114,936,951,982,890,29080
5115,912,931,952,868,6908
5116,945,960,976,921,7713
5117,1047,1066,1122,932,2362
5118,990,1002,1012,967,17292
5120,957,942,1028,942,1738
5121,945,958,1020,906,1292
5125,1041,1049,1044,1010,18497
5126,1025,1053,1043,978,7210
5127,1031,1047,1032,1007,7991
5131,1083,1093,1119,1031,889
5132,1069,1074,1090,1018,342
5133,1091,1094,1100,1063,536
5134,1085,1098,1078,1127,442
5136,1098,1090,1084,1139,537
5137,1093,1095,1107,1094,464
5138,1084,1089,1063,1110,375
5139,1075,1078,1083,1084,175
5140,1121,1113,1109,1164,458
5141,1093,1102,1099,1088,697
5142,1048,1061,1060,1029,544
5144,1083,1088,1096,1104,434
5151,1077,1071,1076,1087,366
5152,1119,1108,1109,1149,6030
5153,1076,1082,1089,1080,6463
5154,1128,1117,1118,1165,3204
5155,1070,1077,1060,1098,3765
5156,1102,1101,1099,1139,1006
5157,1077,1084,1093,1055,2712
5158,1043,1064,1059,1004,24023
5159,1053,1069,1063,1024,33143
5160,-,-,-,877,28
5161,967,998,989,922,9786
5162,952,977,979,919,33428
5163,906,922,945,887,14159
5164,817,820,835,846,5141
5165,911,930,916,919,5273
5166,890,915,914,874,1943
5167,975,1002,986,959,5253
5168,915,927,938,911,4738
5169,967,986,991,938,13916
5170,987,1010,1004,968,1130
5171,1024,1041,1047,998,5714
5172,1040,1051,1059,1035,3920
5173,946,962,979,931,11804
5174,951,968,994,930,2556
5201,1026,1039,1067,1004,1752
5202,975,986,1027,960,598
5203,963,975,995,975,1013
5204,937,955,967,944,2350
5210,1007,1028,1055,962,1737
5211,950,970,976,943,14457
5212,959,983,980,971,1967
5213,982,1002,983,997,1071
5214,933,954,963,936,7784
5220,932,960,939,974,142
5221,897,912,930,934,216
5222,980,991,996,1017,598
5223,965,987,984,964,3459
5231,1060,1075,1095,1027,1168
5232,1065,1071,1082,1050,470
5233,1034,1047,1053,1027,1385
5234,1034,1046,1056,1023,1302
5235,982,996,1019,963,1935
5236,982,999,1007,971,598
5237,870,899,963,853,74
5238,913,932,952,906,3704
5240,1055,1063,1073,1058,527
5241,985,1008,1016,967,2343
5242,1038,1057,1032,1049,1074
5243,1073,1074,1080,1061,919
5244,1037,1053,1061,1015,4309
5245,1064,1069,1066,1064,3433
5250,1063,1072,1081,1041,3106
5251,997,1006,1004,993,12693
5252,1018,1037,1043,994,5795
5253,879,891,922,861,17879
5254,969,992,1020,944,2266
5255,988,1004,1020,967,8518
5256,924,935,975,933,1121
5259,912,916,921,951,711
5260,865,881,929,846,1794
5261,1025,1030,1028,1059,391
5262,1036,1047,1068,1041,532
5263,1062,1067,1067,1068,336
5264,948,967,973,937,1496
5265,1010,1018,1017,1039,818
5266,986,1022,1012,961,278
5267,1006,1022,1030,998,2153
5268,942,969,981,901,2997
5269,944,946,1014,983,275
5270,1026,1037,1073,1011,1015
5271,960,984,990,932,6723
5272,1044,1051,1072,1043,982
5275,955,975,988,947,2290
5276,990,1013,1014,978,1399
5277,924,945,968,899,2572
5278,926,938,963,937,523
5279,782,793,893,758,378
5280,919,939,961,892,7466
5290,909,925,928,894,24913
5291,1002,1026,1052,945,8538
5301,971,972,1007,1017,481
5302,978,990,989,998,844
5303,1016,1034,1043,1023,413
5304,929,955,956,924,559
5307,971,989,990,999,579
5308,969,971,1005,1020,229
5309,990,999,1025,1036,159
5311,971,981,1022,965,586
5320,869,886,923,896,611
5321,902,927,963,857,442
5322,939,965,994,902,955
5330,907,917,926,912,3049
5331,935,951,971,934,642
5332,880,905,901,837,120
5333,936,953,963,932,5604
5340,964,983,994,931,1334
5341,895,902,932,888,7479
5342,956,975,1014,934,1155
5343,886,887,898,915,5104
5344,943,961,1000,908,930
5345,888,891,924,911,3444
5346,921,941,974,869,423
5350,1064,1076,1102,1016,438
5351,1023,1041,1063,976,5620
5352,1009,1030,1022,992,4962
5353,974,990,1012,959,3874
5354,888,901,941,914,451
5355,974,998,1009,925,7046
5356,943,972,1017,868,635
5357,932,948,983,954,623
5360,1031,1054,1073,984,1099
5371,1010,1029,1056,960,1389
5372,972,997,1033,924,1925
5373,944,965,984,926,3147
5374,919,930,970,924,1484
5381,904,916,955,932,335
5400,984,999,1041,982,896
5401,939,959,986,941,875
5410,939,952,990,909,225
5411,934,943,983,962,309
5412,941,952,964,972,1208
5413,942,953,977,963,737
5414,1013,1030,1046,981,251
5415,1056,1067,1066,1087,369
5416,953,971,1040,943,157
5417,954,969,983,974,1761
5419,961,962,986,1010,236
5421,841,830,876,865,232
5422,832,823,893,895,1938
5431,980,991,1006,996,838
5433,946,957,977,952,1456
5434,934,946,921,955,247
5440,1002,1012,993,1021,493
5451,996,1012,996,1015,600
5452,1026,1050,1055,1013,450
5453,994,1017,1007,969,4526
5454,987,1005,1022,982,378
5460,924,945,1015,921,633
5461,941,960,978,933,2566
5462,935,959,966,930,377
5464,969,975,1022,993,413
5470,962,974,997,1010,227
5472,954,943,959,1016,261
5473,906,918,952,925,788
5480,970,992,989,979,791
5481,971,990,997,999,522
5482,998,1010,1000,1012,584
5483,997,1002,984,1063,406
5485,979,993,1004,979,815
5490,1010,1022,1006,1006,178
5491,974,998,997,969,1723
5495,899,912,956,909,520
5501,960,978,1036,899,6684
5502,971,990,1029,931,1649
5510,963,971,970,988,361
5520,869,868,926,926,619
5521,959,968,996,995,378
5522,924,939,967,940,1559
5523,960,976,977,968,1683
5540,871,882,905,867,15245
5550,877,891,930,865,867
5552,739,720,875,751,86
5554,930,951,968,915,5206
5555,998,1012,1031,1008,517
5556,877,889,931,869,3669
5558,917,936,963,910,3996
5560,927,943,974,959,417
5570,933,943,979,966,839
5571,924,949,965,922,1582
5572,1038,1043,1044,1050,389
5573,911,921,938,932,2067
5575,957,978,990,954,2972
5576,919,939,960,933,844
5577,865,895,930,865,197
5580,975,992,1015,997,436
5581,925,957,964,908,489
5582,921,951,954,918,544
5583,888,902,927,912,687
5600,993,1012,994,961,7041
5601,700,689,813,722,165
5602,939,965,974,912,1067
5603,922,941,942,901,226
5604,951,961,971,987,136
5605,943,968,973,936,1818
5606,931,950,944,920,14083
5607,996,1015,1035,980,4591
5608,837,839,846,846,13847
5609,1035,1052,1053,968,1386
5630,1021,1038,1074,1024,219
5631,985,1005,1005,997,1045
5633,996,1000,993,1022,433
5640,976,1006,1010,959,971
5641,1023,1048,1042,1004,1145
5642,1059,1072,1076,1086,532
5650,1020,1032,1027,1019,301
5652,982,1012,987,969,556
5654,991,1016,1005,1019,357
5670,960,987,944,982,292
5680,966,991,985,950,2288
5690,907,913,912,926,4038
5700,880,886,894,889,11768
5710,991,1011,1033,930,2951
5720,952,966,897,957,215
5722,879,899,924,840,594
5723,869,870,870,913,1694
5724,680,614,647,899,669
5725,1086,1096,1066,982,4713
5731,967,986,947,932,1141
5732,738,682,664,913,170
5734,620,532,585,876,165
6000,1065,1047,935,1135,9246
6003,1034,1019,908,1118,2961
6004,1076,1055,944,1145,8181
6005,1073,1061,939,1150,5174
6006,1080,1062,1036,1123,8546
6007,1107,1092,1026,1156,6744
6008,1104,1087,1019,1185,13846
6009,1139,1110,1072,1202,16549
6010,1118,1096,1062,1174,15477
6011,1146,1121,1083,1195,8916
6012,1087,1066,1031,1145,8599
6014,1117,1102,1069,1155,18989
6015,1164,1132,1142,1180,6355
6016,1062,1046,1008,1116,9569
6017,988,995,927,1032,4044
6018,1087,1071,1052,1104,34362
6019,1090,1082,1031,1113,20139
6020,1118,1100,1107,1110,20290
6021,1040,1030,1047,1026,19155
6022,1053,1055,1065,1021,4988
6023,1122,1106,1128,1099,15005
6024,1067,1067,1078,1031,13434
6025,1086,1078,1092,1046,29785
6026,1096,1088,1116,1042,22425
6027,1075,1066,1082,1031,42089
6028,1115,1095,1150,1038,20117
6029,1131,1111,1107,1134,2663
6030,1035,1025,1071,978,37624
6031,1069,1053,1118,994,11327
6032,1065,1077,1073,1012,213
6033,1052,1042,1102,1003,739
6035,1007,1011,1054,938,4236
6036,1062,1052,1098,994,10824
6037,963,963,1016,912,2243
6041,977,985,1053,910,1361
6042,923,926,958,862,81
6043,935,934,996,886,206
6044,990,998,1005,975,1476
6050,1099,1083,1042,1134,14915
6051,1023,1017,947,1077,12339
6052,1053,1044,1013,1086,10452
6053,1037,1033,1017,1062,13515
6054,983,985,990,984,19761
6055,1041,1036,1079,995,12053
6056,983,987,1012,942,37083
6057,1035,1041,1082,945,16108
6058,990,1001,1026,922,11799
6059,1044,1036,1036,1049,22510
6060,1019,1015,965,1058,21871
6061,916,909,923,939,33704
6062,1015,1015,1027,989,31107
6063,990,986,1044,933,13988
6064,947,942,1000,922,30454
6065,1077,1065,1124,998,52115
6066,1015,1012,1062,954,18934
6067,695,632,685,841,130
6069,1073,1060,1116,994,25345
6070,1119,1105,1115,1119,3516
6071,1091,1082,1107,1066,3516
6072,1087,1087,1109,1027,835
6073,1052,1050,1071,1012,3021
6074,1071,1062,1107,1026,950
6076,1090,1081,1099,1066,21502
6077,1063,1056,1114,973,1529
6078,1088,1073,1178,992,858
6081,1086,1079,1128,1023,4704
6082,1049,1045,1098,990,3156
6083,1077,1070,1128,1013,3474
6084,1042,1037,1110,945,6396
6100,1061,1052,983,1104,13611
6101,1031,1019,975,1074,14996
6102,954,928,876,1044,13826
6103,999,988,945,1038,8402
6104,1000,997,986,991,13288
6105,974,976,969,967,13496
6107,1002,998,1002,990,36860
6108,1011,1015,1044,951,22983
6109,936,945,987,894,10621
6110,986,989,1028,928,34865
6111,998,1003,1032,949,22044
6112,991,992,1037,928,40261
6121,1084,1068,1158,978,2724
6122,1055,1052,1119,950,9376
6123,1010,1020,1088,910,1434
6124,1017,1015,1076,951,1082
6125,1039,1041,1093,964,2679
6126,1010,1014,1024,1000,496
6147,986,986,1000,969,14826
6148,1070,1061,1046,1077,17406
6149,1113,1097,1105,1093,18621
6150,1114,1090,1085,1114,13255
6151,1099,1086,1027,1146,16464
6152,1070,1051,1005,1117,24368
6153,1115,1095,1068,1142,19041
6154,1092,1078,1062,1115,9669
6155,1101,1085,1116,1057,48039
6156,1065,1052,1042,1080,16023
6157,1060,1052,1022,1094,12952
6158,1106,1088,1070,1145,6925
6159,1075,1050,997,1153,2723
6160,1041,1026,967,1109,7660
6161,989,1001,852,1051,114
6162,1017,1001,990,1071,10379
6163,1003,998,1007,997,46233
6164,1075,1064,1106,1011,47539
6165,942,952,998,847,119
6166,1054,1049,1095,982,8198
6167,949,956,997,896,22502
6168,940,949,969,903,23467
6169,986,990,1021,932,34335
6170,1010,1009,1062,935,6613
6171,1085,1076,1130,991,15869
6172,1026,1027,1075,938,14087
6173,1105,1088,1149,1013,10420
6174,1022,1023,1065,952,2174
6175,1060,1056,1107,980,3009
6176,1057,1044,1116,978,715
6180,1042,1043,1094,954,3468
6181,1102,1077,1195,951,495
6207,1023,1031,1094,922,1080
6208,968,975,1031,905,9612
6209,957,966,1020,898,1836
6210,967,971,1001,924,60935
6211,1006,1009,1059,941,5557
6213,965,975,1002,945,709
6214,979,983,1037,888,357
6215,941,948,1012,884,3583
6218,813,816,858,778,477
6220,954,961,1006,900,4705
6221,995,1001,1036,936,440
6224,933,942,992,887,1214
6225,947,958,1008,862,9117
6226,1080,1072,1132,990,621
6227,1024,1031,1084,928,518
6229,1004,1014,1031,929,511
6230,988,994,1009,942,40618
6232,1011,1025,1063,903,9418
6233,1036,1040,1084,947,15772
6236,1042,1045,1092,989,1950
6237,1038,1038,1089,981,2552
6239,987,995,1036,947,4054
6240,1055,1060,1067,1039,265
6244,985,989,1015,993,1586
6251,977,984,1034,970,437
6253,984,988,1018,1039,561
6254,913,925,970,915,636
6255,974,986,1006,966,3487
6256,1025,1028,1064,1030,210
6258,939,953,977,909,6323
6260,979,992,1007,980,1533
6262,932,928,970,989,773
6271,970,980,1017,930,2842
6275,968,978,993,994,1268
6280,984,994,1017,942,23495
6281,1059,1065,1076,1032,5550
6282,1086,1078,1096,1074,1246
6284,1055,1066,1068,1033,1601
6285,1015,1027,1030,998,7529
6286,1029,1035,1037,1032,584
6288,1012,1022,1038,994,407
6290,954,973,978,951,1642
6302,975,983,1010,971,3379
6304,936,942,987,968,1565
6306,948,954,982,962,937
6308,941,941,979,947,1608
6309,1004,1018,1020,1025,265
6311,987,1000,1029,964,601
6312,953,963,965,958,4931
6313,1013,1022,1060,1011,364
6315,940,956,980,928,1846
6316,1009,1008,1010,1046,417
6317,909,909,941,911,4183
6318,886,886,946,922,234
6320,988,988,1003,1039,911
6321,870,866,904,895,268
6322,1005,999,1022,1063,457
6323,937,941,982,940,988
6324,948,955,977,950,3026
6326,1007,1017,1063,991,502
6327,1010,1023,1053,985,294
6328,1020,1021,1007,1056,429
6330,976,987,998,955,32890
6333,987,998,988,1032,5197
6335,964,965,985,979,839
6336,977,979,989,1020,248
6337,1021,1034,1029,1007,485
6338,1042,1059,1042,1066,762
6341,1046,1056,1052,1072,277
6343,1077,1079,1078,1133,239
6346,975,997,1007,941,730
6348,1024,1040,1024,1005,1397
6350,902,897,915,972,200
6352,1064,1078,1049,1110,407
6353,1021,1043,1012,1018,729
6355,1040,1054,1036,1065,859
6358,1052,1051,1034,1105,238
6359,1014,1032,1037,1014,521
6365,978,982,987,1031,612
6367,870,871,867,919,282
6368,1079,1095,1089,1090,182
6369,963,979,989,957,633
6370,941,944,962,995,553
6373,1077,1090,1063,1106,236
6375,947,958,960,949,831
6383,930,931,960,945,1042
6386,1017,1013,1014,1093,255
6390,1025,1025,1064,942,2226
6391,1011,1033,1045,1006,912
6392,1004,1017,1008,1034,491
6393,1049,1060,1049,1088,383
6394,1060,1064,1054,1108,404
6395,966,973,976,976,1570
6396,987,988,1015,1003,354
6397,967,971,994,983,367
6398,945,959,950,973,564
6401,934,943,964,916,7603
6403,977,994,1013,989,198
6405,950,959,992,952,267
6407,988,1015,995,967,1038
6409,980,987,986,994,399
6410,905,910,944,921,1180
6413,1047,1058,1066,1002,149
6415,959,974,975,943,2888
6418,946,957,963,948,718
6421,1029,1045,1068,1036,238
6423,985,995,1016,994,276
6425,1032,1053,1053,1075,165
6426,959,974,990,933,1097
6429,888,889,936,881,1518
6430,1031,1033,1039,964,23004
6431,643,570,599,854,678
6432,955,973,995,874,7722
6434,588,539,618,795,151
6436,789,779,786,834,178
6437,1049,1085,1025,938,1293
6438,896,892,876,956,1213
6440,820,802,797,922,1095
6442,963,983,1001,860,2695
6443,896,899,922,904,1145
6445,1052,1060,1045,1104,161
6447,1064,1069,1072,1064,491
6448,997,1011,1032,982,445
6450,975,989,1003,941,12352
6460,961,973,988,978,985
6461,922,942,938,931,373
6462,1043,1047,1066,1068,306
6468,1029,1045,1067,1029,208
6472,1045,1054,1034,1067,185
6475,965,979,990,971,434
6477,1028,1045,1037,1043,293
6479,1004,1020,1023,1004,497
6485,931,944,936,984,524
6488,943,941,949,1008,347
6490,963,967,946,1012,231
6501,1025,1028,1099,935,1022
6502,986,994,1023,947,1061
6503,997,1007,1050,963,2037
6505,1052,1051,1102,1038,285
6507,1047,1041,1065,1031,399
6509,1040,1063,1025,1038,320
6510,959,975,993,937,2045
6511,944,963,992,863,460
6513,1018,1051,1053,1013,190
6514,899,902,965,882,612
6515,1029,1037,1048,1044,457
6516,976,988,1024,916,1513
6517,1000,1020,1006,993,425
6518,908,928,993,880,116
6519,954,958,966,981,622
6521,1062,1059,1067,1081,336
6522,972,974,975,976,479
6525,972,986,1003,935,3568
6528,994,1001,1065,939,288
6530,964,971,987,927,31972
6532,1028,1033,1067,976,5786
6535,926,934,972,932,1481
6536,955,971,984,942,1498
6537,927,943,924,917,642
6556,1025,1026,1083,964,1845
6558,1023,1024,1070,956,2172
6560,902,910,978,846,1286
6562,987,994,1042,941,1150
6564,974,982,1023,945,332
6566,969,976,1015,956,3081
6567,1001,1006,1052,1015,367
6568,959,978,1003,954,249
6569,987,1002,974,988,331
6575,1028,1032,1030,1038,243
6603,955,968,959,945,1129
6606,1067,1073,1075,1096,305
6608,1068,1083,1083,1066,259
6609,985,1008,989,948,562
6612,1015,1015,1045,1028,236
6620,953,986,982,910,186
6623,986,1003,1015,969,1612
6628,1083,1087,1039,1100,182
6630,893,902,924,947,533
6635,924,907,917,965,517
6638,862,854,880,924,643
6639,932,940,955,965,105
6640,864,867,858,905,269
6642,857,852,851,936,1374
6646,814,799,771,953,1154
6701,925,924,942,937,5786
6705,760,717,740,923,243
6707,1015,1026,1008,967,2386
6710,906,903,889,931,2376
6713,1100,1098,1079,1007,1270
6714,1082,1076,1046,990,18303
6716,1030,1063,994,924,653
6718,816,790,839,846,807
6720,1005,1017,981,927,2547
6721,1096,1092,1043,1037,5205
6722,1023,1013,1003,941,10546
6725,941,920,902,985,9876
6726,1015,999,989,1016,5146
6728,808,766,788,919,6909
6740,749,700,719,915,1754
6743,944,928,904,987,6345
6751,1053,1087,1012,956,5468
6753,1016,1030,991,944,9080
6754,1033,1062,1004,926,1498
6758,762,743,760,971,179
6760,702,659,674,847,511
6762,619,528,574,872,1168
6765,736,679,690,908,1529
6770,669,597,642,888,3268
6798,984,980,986,969,2063
6799,863,794,960,886,554
7000,1040,1041,960,1120,13454
7004,1046,1045,965,1136,7170
7005,1073,1061,988,1156,12633
7007,1078,1073,1030,1143,2931
7008,1006,1011,970,1059,11826
7009,911,923,907,937,12350
7010,875,887,893,878,15871
7011,901,923,934,873,14425
7012,987,1011,1023,946,829
7015,1026,1042,1013,1033,9907
7016,814,830,873,810,2674
7017,1028,1051,1073,952,4729
7018,985,996,978,996,20074
7019,825,833,864,828,5491
7020,1071,1084,1101,1037,2449
7021,1032,1053,1046,1018,2289
7022,995,1013,1008,993,835
7023,991,999,1007,990,330
7024,1049,1067,1047,1037,460
7025,1034,1048,1055,1019,1848
7026,952,971,1019,929,846
7027,855,865,951,857,372
7030,851,859,915,830,16797
7050,1003,1016,987,1019,11770
7052,1043,1055,1032,1037,6734
7053,1084,1087,1052,1143,3508
7054,1039,1058,1052,1034,7960
7055,1012,1045,1008,998,412
7109,953,971,993,945,7908
7112,919,934,943,955,2793
7113,941,958,977,954,1108
7116,907,920,961,920,2357
7117,900,911,956,911,763
7120,880,881,944,916,2007
7140,879,891,944,855,10645
7150,990,1003,1013,1019,2673
7155,1018,1030,1026,1052,984
7162,1047,1061,1059,1071,640
7163,1007,1014,1031,1051,238
7170,1089,1096,1109,1049,4691
7171,966,989,985,934,3011
7172,939,960,982,899,3152
7173,938,957,980,923,6198
7176,947,954,988,964,415
7177,899,918,956,890,469
7178,920,929,969,960,356
7179,933,957,982,924,338
7180,909,919,952,953,274
7182,887,911,938,885,251
7183,922,935,938,973,88
7184,860,870,929,901,768
7186,905,917,954,912,280
7190,906,920,955,914,3004
7209,937,947,953,980,420
7210,877,890,925,898,995
7211,939,942,985,927,426
7212,981,1002,1009,970,1835
7213,847,845,913,862,301
7214,829,826,906,848,653
7215,909,923,944,928,3294
7216,886,897,927,898,3395
7248,852,850,851,881,15409
7249,946,967,943,947,12311
7250,969,982,965,975,47228
7252,1017,1032,1043,990,2270
7253,827,833,878,813,5097
7254,960,978,1013,928,490
7255,978,992,983,1001,705
7256,953,970,978,933,1570
7257,677,598,571,835,65
7258,1065,1072,1099,1000,941
7259,938,948,987,923,457
7260,907,929,947,862,3208
7261,822,840,926,785,204
7262,944,964,972,925,1709
7263,913,919,966,915,734
7264,866,866,916,898,681
7265,882,874,919,939,273
7267,981,1000,1027,940,879
7268,976,996,1007,960,1061
7270,904,921,952,886,4106
7275,984,1002,1013,966,3053
7276,950,967,972,958,560
7277,1029,1050,1054,990,5258
7290,980,1014,1011,912,2062
7291,986,999,1008,953,867
7292,980,1003,1022,971,689
7300,973,1000,1019,907,3046
7301,929,949,965,902,4029
7302,936,951,978,914,1774
7303,949,966,988,937,2334
7304,928,943,965,945,5864
7305,886,905,960,868,1236
7306,924,939,971,913,3947
7307,946,967,979,922,9248
7310,909,924,935,902,27164
7315,925,942,955,911,14292
7316,960,979,990,939,6022
7320,898,910,907,898,16712
7321,957,975,1005,922,4682
7322,904,920,931,892,3980
7325,925,939,961,911,8549
7330,921,945,977,888,6748
7331,958,980,962,970,483
7467,871,882,889,854,1979
7468,943,967,966,901,661
7469,885,903,947,824,930
7470,878,889,913,860,920
